{
    "platos": [
        {
            "id":"1",
            "nombre":"Pizza Especial",
            "precio":"120",
            "rubro":"Comidas",
            "imagenPath":"pizza-especial.jpg",
            "ingredientes":["Queso Muzzarella","Jamon Cocido","Tomate", "Morron"]
        },
        {
            "id":"2",
            "nombre":"Empanadas Docena",
            "precio":"120",
            "rubro":"Comidas",
            "imagenPath":"empanadas.jpg",
            "ingredientes":["Carne Molida","Cebolla","Pimiento"]
        },
        {
            "id":"3",
            "nombre":"Lomo Completo",
            "precio":"120",
            "rubro":"Comidas",
            "imagenPath":"lomo-completo.jpg",
            "ingredientes":["Pan", "Lomo","Queso","Tomate", "Lechuga", "Huevo", "Condimentos"]
        },
        {
            "id":"4",
            "nombre":"Mini Hamburguesa",
            "precio":"120",
            "rubro":"Comidas",
            "imagenPath":"hamburguesa.jpg",
            "ingredientes":["Pan", "Carne Molida","Queso","Tomate", "Lechuga"]
        },
        {
            "id":"5",
            "nombre":"Cerveza Deibeer",
            "precio":"140",
            "rubro":"Bebidas",
            "imagenPath":"cerveza.jpg",
            "ingredientes":["Cebada","Agua","Lupulo"]
        }
    ]
}